Name,Year
A Place in the Sun ,1951
Bright Victory,1951
Detective Story,1951
Quo Vadis ,1951
A Streetcar Named Desire ,1951
The Greatest Show on Earth ,1952
"Come Back, Little Sheba",1952
The Happy Time,1952
High Noon ,1952
The Thief,1952
The Robe ,1953
On the Waterfront ,1954
East of Eden,1955
Around the World in 80 Days ,1956
Giant ,1956
Lust for Life,1956
The Rainmaker,1956
War and Peace,1956
The Bridge on the River Kwai ,1957
12 Angry Men ,1957
Sayonara ,1957
Wild Is the Wind,1957
Witness for the Prosecution ,1957
The Defiant Ones ,1958
Cat on a Hot Tin Roof ,1958
Home Before Dark,1958
I Want to Live!,1958
Separate Tables ,1958
Ben-Hur ,1959
Anatomy of a Murder ,1959
The Diary of Anne Frank ,1959
The Nun's Story ,1959
On the Beach,1959
Spartacus,1960
Elmer Gantry ,1960
Inherit the Wind,1960
Sons and Lovers ,1960
Sunrise at Campobello,1960
The Guns of Navarone ,1961
El Cid,1961
Fanny ,1961
Judgment at Nuremberg ,1961
Splendor in the Grass,1961
Lawrence of Arabia ,1962
The Chapman Report,1962
Days of Wine and Roses,1962
Freud,1962
Hemingway's Adventures of a Young Man,1962
Lisa,1962
The Longest Day ,1962
The Miracle Worker,1962
Mutiny on the Bounty ,1962
To Kill a Mockingbird ,1962
The Cardinal,1963
America America ,1963
"Captain Newman, M.D.",1963
The Caretakers,1963
Cleopatra ,1963
The Great Escape,1963
Hud,1963
Lilies of the Field ,1963
Becket ,1964
The Chalk Garden,1964
Dear Heart,1964
The Night of the Iguana,1964
Zorba the Greek ,1964
Doctor Zhivago ,1965
The Collector,1965
The Flight of the Phoenix,1965
A Patch of Blue,1965
Ship of Fools ,1965
A Man for All Seasons ,1966
Born Free,1966
The Professionals,1966
The Sand Pebbles ,1966
Who's Afraid of Virginia Woolf? ,1966
In the Heat of the Night ,1967
Bonnie and Clyde ,1967
Far from the Madding Crowd,1967
Guess Who's Coming to Dinner ,1967
In Cold Blood,1967
The Lion in Winter ,1968
Charly,1968
The Fixer,1968
The Heart Is a Lonely Hunter,1968
The Shoes of the Fisherman,1968
Anne of the Thousand Days ,1969
Butch Cassidy and the Sundance Kid ,1969
Midnight Cowboy ,1969
The Prime of Miss Jean Brodie,1969
"They Shoot Horses, Don't They?",1969
Ordinary People ,1980
The Elephant Man ,1980
The Ninth Configuration,1980
Raging Bull ,1980
The Stunt Man,1980
On Golden Pond ,1981
The French Lieutenant's Woman,1981
Prince of the City,1981
Ragtime,1981
Reds ,1981
E.T. the Extra-Terrestrial ,1982
Missing ,1982
An Officer and a Gentleman,1982
Sophie's Choice,1982
The Verdict ,1982
Terms of Endearment ,1983
"Reuben, Reuben",1983
The Right Stuff ,1983
Silkwood,1983
Tender Mercies ,1983
Amadeus ,1984
The Cotton Club,1984
The Killing Fields ,1984
Places in the Heart ,1984
A Soldier's Story ,1984
Out of Africa ,1985
The Color Purple ,1985
Kiss of the Spider Woman ,1985
Runaway Train,1985
Witness ,1985
Platoon ,1986
Children of a Lesser God ,1986
The Mission ,1986
Mona Lisa,1986
A Room with a View ,1986
Stand by Me,1986
The Last Emperor ,1987
Cry Freedom,1987
Empire of the Sun,1987
Fatal Attraction ,1987
La Bamba,1987
Nuts,1987
Rain Man ,1988
The Accidental Tourist ,1988
A Cry in the Dark,1988
Gorillas in the Mist,1988
Mississippi Burning ,1988
Running on Empty,1988
The Unbearable Lightness of Being,1988
Born on the Fourth of July ,1989
Crimes and Misdemeanors,1989
Dead Poets Society ,1989
Do the Right Thing,1989
Glory,1989
Dances with Wolves ,1990
Avalon,1990
The Godfather Part III ,1990
Goodfellas ,1990
Reversal of Fortune,1990
Bugsy ,1991
JFK ,1991
The Prince of Tides ,1991
The Silence of the Lambs ,1991
Thelma & Louise,1991
Scent of a Woman ,1992
The Crying Game ,1992
A Few Good Men ,1992
Howards End ,1992
Unforgiven ,1992
Schindler's List ,1993
The Age of Innocence,1993
In the Name of the Father ,1993
The Piano ,1993
The Remains of the Day ,1993
Forrest Gump ,1994
Legends of the Fall,1994
Nell,1994
Pulp Fiction ,1994
Quiz Show ,1994
Sense and Sensibility ,1995
Apollo 13 ,1995
Braveheart ,1995
The Bridges of Madison County,1995
Leaving Las Vegas,1995
The English Patient ,1996
Breaking the Waves,1996
The People vs. Larry Flynt,1996
Secrets & Lies ,1996
Shine ,1996
Titanic ,1997
Amistad,1997
The Boxer,1997
Good Will Hunting ,1997
L.A. Confidential ,1997
Saving Private Ryan ,1998
Elizabeth ,1998
Gods and Monsters,1998
The Horse Whisperer,1998
The Truman Show,1998
American Beauty ,1999
The End of the Affair,1999
The Hurricane,1999
The Insider ,1999
The Talented Mr. Ripley,1999
Gladiator ,2000
Billy Elliot,2000
Erin Brockovich ,2000
Sunshine,2000
Traffic ,2000
Wonder Boys,2000
A Beautiful Mind ,2001
In the Bedroom ,2001
The Lord of the Rings: The Fellowship of the Ring ,2001
The Man Who Wasn't There,2001
Mulholland Drive,2001
The Hours ,2002
About Schmidt,2002
Gangs of New York ,2002
The Lord of the Rings: The Two Towers ,2002
The Pianist ,2002
The Lord of the Rings: The Return of the King ,2003
Cold Mountain,2003
Master and Commander: The Far Side of the World ,2003
Mystic River ,2003
Seabiscuit ,2003
The Aviator ,2004
Closer,2004
Finding Neverland ,2004
Hotel Rwanda,2004
Kinsey,2004
Million Dollar Baby ,2004
Brokeback Mountain ,2005
The Constant Gardener,2005
"Good Night, and Good Luck ",2005
A History of Violence,2005
Match Point,2005
Babel ,2006
Bobby,2006
The Departed ,2006
Little Children,2006
The Queen ,2006
Atonement ,2007
American Gangster,2007
Eastern Promises,2007
The Great Debaters,2007
Michael Clayton ,2007
No Country for Old Men ,2007
There Will Be Blood ,2007
Slumdog Millionaire ,2008
The Curious Case of Benjamin Button ,2008
Frost/Nixon ,2008
The Reader ,2008
Revolutionary Road,2008
Avatar ,2009
The Hurt Locker ,2009
Inglourious Basterds ,2009
Precious ,2009
Up in the Air ,2009
The Social Network ,2010
Black Swan ,2010
The Fighter ,2010
Inception ,2010
The King's Speech ,2010
The Descendants ,2011
The Help ,2011
Hugo ,2011
The Ides of March,2011
Moneyball ,2011
War Horse ,2011
Argo ,2012
Django Unchained ,2012
Life of Pi ,2012
Lincoln ,2012
Zero Dark Thirty ,2012
12 Years a Slave ,2013
Captain Phillips ,2013
Gravity ,2013
Philomena ,2013
Rush,2013
Boyhood ,2014
Foxcatcher,2014
The Imitation Game ,2014
Selma ,2014
The Theory of Everything ,2014
The Revenant ,2015
Carol,2015
Mad Max: Fury Road ,2015
Room ,2015
Spotlight ,2015
Moonlight ,2016
Hacksaw Ridge ,2016
Hell or High Water ,2016
Lion ,2016
Manchester by the Sea ,2016
The Apartment,1960
The 400 Blows,1960
The Angry Silence,1960
The Adventure,1960
La Dolce Vita,1960
Elmer Gantry,1960
Hiroshima mon amour,1960
Let's Make Love,1960
Black Orpheus,1960
Never on Sunday,1960
Saturday Night and Sunday Morning,1960
Shadows,1960
The Testament of Orpheus,1960
The Trials of Oscar Wilde,1960
Tunes of Glory,1960
Ballad of a Soldier,1961
The Hustler,1961
The World of Apu,1961
The Innocents,1961
Judgment at Nuremberg,1961
The Long and the Short and the Tall,1961
Rocco and His Brothers,1961
The Sundowners,1961
A Taste of Honey,1961
The Hole,1961
Whistle Down the Wind,1961
Lawrence of Arabia,1962
Last Year at Marienbad,1962
Billy Budd,1962
The Elusive Corporal,1962
The Lady with the Dog,1962
The Naked Island,1962
Jules and Jim,1962
A Kind of Loving,1962
The L-Shaped Room,1962
Lola,1962
The Manchurian Candidate,1962
Only Two Can Play,1962
Phaedra,1962
Through a Glass Darkly,1962
Thou Shalt Not Kill,1962
The Long Absence,1962
West Side Story,1962
Tom Jones,1963
8,1963
Billy Liar,1963
David and Lisa,1963
Days of Wine and Roses,1963
"Divorce, Italian Style",1963
Knife in the Water,1963
The Four Days of Naples,1963
The Servant,1963
This Sporting Life,1963
To Kill a Mockingbird,1963
Dr. Strangelove,1964
Becket,1964
The Pumpkin Eater,1964
The Train,1964
My Fair Lady,1965
Hamlet,1965
The Hill,1965
The Knack ...and How to Get It,1965
Zorba the Greek,1965
Who's Afraid of Virginia Woolf?,1966
Doctor Zhivago,1966
Morgan  A Suitable Case for Treatment,1966
The Spy Who Came in From The Cold,1966
A Man For All Seasons,1967
Bonnie and Clyde,1967
In the Heat of the Night,1967
A Man and a Woman,1967
The Graduate,1968
2001: A Space Odyssey,2001
Oliver!,2001
Closely Observed Trains,2001
Midnight Cowboy,1969
Oh! What a Lovely War,1969
Women in Love,1969
Z,1969
Butch Cassidy and the Sundance Kid,1970
Kes,1970
M*A*S*H,1970
Ryan's Daughter,1970
Sunday Bloody Sunday,1971
The Go-Between,1971
Death in Venice,1971
Taking Off,1971
Cabaret,1972
A Clockwork Orange,1972
The French Connection,1972
The Last Picture Show,1972
Day for Night,1973
The Day of the Jackal,1973
The Discreet Charm of the Bourgeoisie,1973
Don't Look Now,1973
Lacombe Lucien,1974
Chinatown,1974
The Last Detail,1974
Murder on the Orient Express,1974
Alice Doesn't Live Here Anymore,1975
Barry Lyndon,1975
Dog Day Afternoon,1975
Jaws,1975
One Flew Over the Cuckoo's Nest,1976
All the President's Men,1976
Bugsy Malone,1976
Taxi Driver,1976
Annie Hall,1977
A Bridge Too Far,1977
Network,1977
Rocky,1977
Julia,1978
Close Encounters of the Third Kind,1978
Midnight Express,1978
Star Wars,1978
Manhattan,1979
Apocalypse Now,1979
The China Syndrome,1979
The Deer Hunter,1979
The Elephant Man,1980
Being There,1980
Kagemusha,1980
Kramer vs. Kramer,1980
Chariots of Fire,1981
Atlantic City,1981
Gregory's Girl,1981
Raiders of the Lost Ark,1981
Gandhi,1982
E.T. the Extra-Terrestrial,1982
Missing,1982
On Golden Pond,1982
Educating Rita,1983
Heat and Dust,1983
Local Hero,1983
Tootsie,1983
The Killing Fields,1984
The Dresser,1984
"Paris, Texas",1984
A Private Function,1984
The Purple Rose of Cairo,1985
Amadeus,1985
Back to the Future,1985
A Passage to India,1985
Witness,1985
A Room with a View,1986
Hannah and Her Sisters,1986
The Mission,1986
Jean de Florette,1987
Hope and Glory,1987
Radio Days,1987
The Last Emperor,1988
Au revoir les enfants,1988
Babette's Feast,1988
A Fish Called Wanda,1988
Dead Poets Society,1989
My Left Foot,1989
Shirley Valentine,1989
When Harry Met Sally...,1989
Goodfellas,1990
Crimes and Misdemeanors,1990
Driving Miss Daisy,1990
Pretty Woman,1990
The Commitments,1991
Dances with Wolves,1991
The Silence of the Lambs,1991
Thelma and Louise,1991
Howards End,1992
The Crying Game,1992
The Player,1992
Strictly Ballroom,1992
Unforgiven,1992
Schindler's List,1993
The Piano,1993
The Remains of the Day,1993
Shadowlands,1993
Four Weddings and a Funeral,1994
Forrest Gump,1994
Pulp Fiction,1994
Quiz Show,1994
Sense and Sensibility,1995
Babe,1995
The Madness of King George,1995
The Usual Suspects,1995
The English Patient,1996
Fargo,1996
Secrets and Lies,1996
Shine,1996
The Full Monty,1997
L.A. Confidential,1997
Mrs Brown,1997
Titanic,1997
Shakespeare in Love,1998
Elizabeth,1998
Saving Private Ryan,1998
American Beauty,1999
East is East,1999
The Sixth Sense,1999
Gladiator,2000
Almost Famous,2000
"Crouching Tiger, Hidden Dragon",2000
Erin Brockovich,2000
The Lord of the Rings: The Fellowship of the Ring,2001
Amlie,2001
A Beautiful Mind,2001
Moulin Rouge!,2001
Shrek,2001
The Pianist,2002
Chicago,2002
Gangs of New York,2002
The Hours,2002
The Lord of the Rings: The Two Towers,2002
The Lord of the Rings: The Return of the King,2003
Big Fish,2003
Lost in Translation,2003
Master and Commander: The Far Side of the World,2003
The Aviator,2004
Eternal Sunshine of the Spotless Mind,2004
Finding Neverland,2004
The Motorcycle Diaries,2004
Vera Drake,2004
Brokeback Mountain,2005
Capote,2005
Crash,2005
"Good Night, and Good Luck",2005
The Queen,2006
Babel,2006
The Departed,2006
The Last King of Scotland,2006
Little Miss Sunshine,2006
Atonement,2007
The Lives of Others,2007
No Country for Old Men,2007
There Will Be Blood,2007
Slumdog Millionaire,2008
The Curious Case of Benjamin Button,2008
Frost/Nixon,2008
Milk,2008
The Reader,2008
The Hurt Locker,2009
Avatar,2009
An Education,2009
Precious,2009
Up in the Air,2009
The King's Speech,2010
Black Swan,2010
Inception,2010
The Social Network,2010
True Grit,2010
The Artist,2011
The Descendants,2011
Drive,2011
The Help,2011
Tinker Tailor Soldier Spy,2011
Argo,2012
Les Misrables,2012
Life of Pi,2012
Lincoln,2012
Zero Dark Thirty,2012
12 Years a Slave,2013
American Hustle,2013
Captain Phillips,2013
Gravity,2013
Philomena,2013
Boyhood,2014
Birdman or (The Unexpected Virtue of Ignorance),2014
The Grand Budapest Hotel,2014
The Imitation Game,2014
The Theory of Everything,2014
The Revenant,2015
The Big Short,2015
Bridge of Spies,2015
Spotlight,2015
La La Land,2016
Arrival,2016
"I, Daniel Blake",2016
Manchester by the Sea,2016
Moonlight,2016
 After Hours ,1985
Blood Simple ,1985
Smooth Talk,1985
The Trip to Bountiful,1985
 Platoon † ,1986
Blue Velvet ,1986
Down by Law,1986
On Valentine's Day,1986
Salvador ,1986
Stand by Me ,1986
 River's Edge ,1987
The Big Easy,1987
The Dead ,1987
Matewan,1987
Swimming to Cambodia ,1987
Tough Guys Don't Dance ,1987
 Stand and Deliver ,1988
Hairspray ,1988
Patti Rocks,1988
The Thin Blue Line,1988
Torch Song Trilogy ,1988
"Sex, Lies and Videotape",1989
Drugstore Cowboy ,1989
Heat and Sunlight,1989
Mystery Train,1989
True Love,1989
 The Grifters ,1990
Henry: Potrait of a Serial Killer,1990
The Plot Against Harry,1990
Pump Up the Volume ,1990
To Sleep with Anger,1990
 Rambling Rose ,1991
City of Hope,1991
Hangin' with the Homeboys,1991
Homicide,1991
My Own Private Idaho ,1991
 The Player ,1992
Bad Lieutenant ,1992
Gas Food Lodging,1992
Mississippi Masala,1992
One False Move ,1992
 Short Cuts ,1993
Equinox,1993
Much Ado About Nothing ,1993
Ruby in Paradise,1993
The Wedding Banquet,1993
 Pulp Fiction ‡ ,1994
Bullets over Broadway ,1994
Eat Drink Man Woman,1994
Mrs. Parker and the Vicious Circle ,1994
Wes Craven's New Nightmare ,1994
 Leaving Las Vegas ,1995
The Addiction,1995
Living in Oblivion,1995
Safe,1995
The Secret of Roan Inish ,1995
 Fargo ‡ ,1996
Dead Man ,1996
The Funeral,1996
Lone Star ,1996
Welcome to the Dollhouse ,1996
 The Apostle ,1997
Chasing Amy ,1997
Loved,1997
Ulee's Gold ,1997
Waiting for Guffman ,1997
 Gods and Monsters ,1998
Affliction ,1998
Claire Dolan,1998
A Soldier's Daughter Never Cries,1998
Velvet Goldmine,1998
 Election ,1999
Cookie's Fortune ,1999
The Limey ,1999
The Straight Story ,1999
Sugar Town,1999
Crouching Tiger  Hidden Dragon,2000
Before Night Falls,2000
George Washington,2000
Ghost Dog: The Way of the Samurai,2000
Requiem for a Dream,2000
Memento,2001
Hedwig and the Angry Inch,2001
L.I.E.,2001
Things Behind the Sun,2001
Waking Life,2001
Far from Heaven,2002
The Good Girl,2002
Lovely & Amazing,2002
Secretary,2002
Tully,2002
American Splendor,2003
In America,2003
Raising Victor Vargas,2003
Shattered Glass,2003
Sideways,2004
Baadasssss!,2004
Maria Full of Grace,2004
Primer,2004
Good Night and Good Luck,2005
The Squid and the Whale,2005
The Three Burials of Melquiades Estrada,2005
American Gun,2006
The Dead Girl,2006
Half Nelson,2006
Pan's Labyrinth,2006
Juno,2007
The Diving Bell and the Butterfly,2007
I'm Not There,2007
A Mighty Heart,2007
Paranoid Park,2007
The Wrestler,2008
Ballast,2008
Frozen River,2008
Rachel Getting Married,2008
Wendy and Lucy,2008
(500) Days of Summer,2009
Amreeka,2009
The Last Station,2009
Sin Nombre,2009
127 Hours,2010
Greenberg,2010
The Kids Are All Right,2010
Winter's Bone,2010
The Artist,2010
50/50,2010
Beginners,2010
The Descendants,2010
Drive,2010
Take Shelter,2010
Silver Linings Playbook,2012
Beasts of the Southern Wild,2012
Bernie,2012
Keep the Lights On,2012
Moonrise Kingdom,2012
All Is Lost,2013
Frances Ha,2013
Inside Llewyn Davis,2013
Nebraska,2013
Birdman,2014
Love Is Strange,2014
Selma,2014
Whiplash,2014
Anomalisa,2015
Beasts of No Nation,2015
Tangerine,2015
American Honey,2016
Chronic,2016
Jackie,2016
After Hours,2016
Good Night  and Good Luck,2005
 Sense and Sensibility ,1995
 Fargo ,1996
Big Night,1996
The Crucible,1996
Evita,1996
Hamlet,1996
Jerry Maguire ,1996
Lone Star,1996
 L.A. Confidential ,1997
As Good as It Gets ,1997
Boogie Nights,1997
Donnie Brasco,1997
The Full Monty ,1997
Wag the Dog,1997
The Wings of the Dove,1997
 Saving Private Ryan ,1998
Life Is Beautiful ,1998
Out of Sight,1998
Pleasantville,1998
Shakespeare in Love ,1998
A Simple Plan,1998
The Thin Red Line ,1998
 American Beauty ,1999
Being John Malkovich,1999
The Cider House Rules ,1999
The Green Mile ,1999
Magnolia,1999
Man on the Moon,1999
The Sixth Sense ,1999
Three Kings,1999
 Gladiator ,2000
Cast Away,2000
Quills,2000
Thirteen Days,2000
You Can Count On Me,2000
 A Beautiful Mind ,2001
Ali,2001
Moulin Rouge! ,2001
The Shipping News,2001
 Chicago ,2002
Adaptation.,2002
Catch Me If You Can,2002
Road to Perdition,2002
 The Lord of the Rings: The Return of the King ,2003
Finding Nemo,2003
The Last Samurai,2003
Lost in Translation ,2003
 Sideways ,2004
Collateral,2004
The Phantom of the Opera,2004
Ray ,2004
 Brokeback Mountain ,2005
Capote ,2005
Cinderella Man,2005
Crash ,2005
"Good Night, and Good Luck. ",2005
King Kong,2005
Memoirs of a Geisha,2005
Munich ,2005
Walk the Line,2005
 The Departed ,2006
Blood Diamond,2006
Dreamgirls,2006
Letters from Iwo Jima ,2006
Little Miss Sunshine ,2006
Notes on a Scandal,2006
United 93,2006
 No Country for Old Men ,2007
Into the Wild,2007
Juno ,2007
The Kite Runner,2007
Sweeney Todd: The Demon Barber of Fleet Street,2007
 Slumdog Millionaire ,2008
Changeling,2008
The Dark Knight,2008
Doubt,2008
Milk ,2008
WALL-E,2008
 The Hurt Locker ,2009
An Education ,2009
Invictus,2009
Nine,2009
A Serious Man ,2009
Up ,2009
 The Social Network ,2010
127 Hours ,2010
The Town,2010
Toy Story 3 ,2010
True Grit ,2010
Winter's Bone ,2010
 The Artist ,2011
Extremely Loud and Incredibly Close ,2011
Midnight in Paris ,2011
The Tree of Life ,2011
 Argo ,2012
Beasts of the Southern Wild ,2012
Les Misérables ,2012
The Master,2012
Silver Linings Playbook ,2012
 12 Years a Slave ,2013
American Hustle ,2013
Dallas Buyers Club ,2013
Her ,2013
Nebraska ,2013
Saving Mr. Banks,2013
The Wolf of Wall Street ,2013
 Boyhood ,2014
Birdman ,2014
Gone Girl,2014
The Grand Budapest Hotel ,2014
Nightcrawler,2014
Unbroken,2014
Whiplash ,2014
 Spotlight ,2015
The Big Short ,2015
Bridge of Spies ,2015
Brooklyn ,2015
The Martian ,2015
Sicario,2015
Star Wars: The Force Awakens,2015
 La La Land ,2016
Arrival ,2016
Fences ,2016
Loving,2016
Sully,2016
Wings,1927
The Racket,1927
7th Heaven,1927
The Broadway Melody,1928
Alibi,1928
Hollywood Revue,1928
In Old Arizona,1928
The Patriot,1928
All Quiet on the Western Front,1929
The Big House,1929
Disraeli,1929
The Divorcee,1929
The Love Parade,1929
Cimarron,1930
East Lynne,1930
The Front Page,1930
Skippy,1930
Trader Horn,1930
Grand Hotel,1931
Arrowsmith,1931
Bad Girl,1931
The Champ,1931
Five Star Final,1931
One Hour with You,1931
Shanghai Express,1931
The Smiling Lieutenant,1931
Cavalcade,1932
42nd Street,1932
A Farewell to Arms,1932
I Am a Fugitive from a Chain Gang,1932
Lady for a Day,1932
Little Women,1932
The Private Life of Henry VIII,1932
She Done Him Wrong,1932
Smilin' Through,1932
State Fair,1932
It Happened One Night,1934
The Barretts of Wimpole Street,1934
Cleopatra,1934
Flirtation Walk,1934
The Gay Divorcee,1934
Here Comes the Navy,1934
The House of Rothschild,1934
Imitation of Life,1934
One Night of Love,1934
The Thin Man,1934
Viva Villa!,1934
The White Parade,1934
Mutiny on the Bounty,1935
Alice Adams,1935
Broadway Melody of 1936,1935
Captain Blood,1935
David Copperfield,1935
The Informer,1935
The Lives of a Bengal Lancer,1935
A Midsummer Night's Dream,1935
Les Misérables,1935
Naughty Marietta,1935
Ruggles of Red Gap,1935
Top Hat,1935
The Great Ziegfeld,1936
Anthony Adverse,1936
Dodsworth,1936
Libeled Lady,1936
Mr. Deeds Goes to Town,1936
Romeo and Juliet,1936
San Francisco,1936
The Story of Louis Pasteur,1936
A Tale of Two Cities,1936
Three Smart Girls,1936
The Life of Emile Zola,1937
The Awful Truth,1937
Captains Courageous,1937
Dead End,1937
The Good Earth,1937
In Old Chicago,1937
Lost Horizon,1937
One Hundred Men and a Girl,1937
Stage Door,1937
A Star Is Born,1937
You Can't Take It With You,1938
The Adventures of Robin Hood,1938
Alexander's Ragtime Band,1938
Boys Town,1938
The Citadel,1938
Four Daughters,1938
Grand Illusion,1938
Jezebel,1938
Pygmalion,1938
Test Pilot,1938
Gone with the Wind,1939
Dark Victory,1939
Goodbye  Mr. Chips,1939
Love Affair,1939
Mr. Smith Goes to Washington,1939
Ninotchka,1939
Of Mice and Men,1939
Stagecoach,1939
The Wizard of Oz,1939
Wuthering Heights,1939
Rebecca,1940
All This and Heaven Too,1940
Foreign Correspondent,1940
The Grapes of Wrath,1940
The Great Dictator,1940
Kitty Foyle,1940
The Letter,1940
The Long Voyage Home,1940
Our Town,1940
The Philadelphia Story,1940
How Green Was My Valley,1941
Blossoms in the Dust,1941
Citizen Kane,1941
Here Comes Mr. Jordan,1941
Hold Back the Dawn,1941
The Little Foxes,1941
The Maltese Falcon,1941
One Foot in Heaven,1941
Sergeant York,1941
Suspicion,1941
Mrs. Miniver,1942
The Invaders,1942
Kings Row,1942
The Magnificent Ambersons,1942
The Pied Piper,1942
The Pride of the Yankees,1942
Random Harvest,1942
The Talk of the Town,1942
Wake Island,1942
Yankee Doodle Dandy,1942
Casablanca,1943
For Whom the Bell Tolls,1943
Heaven Can Wait,1943
The Human Comedy,1943
In Which We Serve,1943
Madame Curie,1943
The More the Merrier,1943
The Ox-Bow Incident,1943
The Song of Bernadette,1943
Watch on the Rhine,1943
Going My Way,1944
Double Indemnity,1944
Gaslight,1944
Since You Went Away,1944
Wilson,1944
The Lost Weekend,1945
Anchors Aweigh,1945
The Bells of St. Mary's,1945
Mildred Pierce,1945
Spellbound,1945
The Best Years of Our Lives,1946
Henry V,1946
It's a Wonderful Life,1946
The Razor's Edge,1946
The Yearling,1946
Gentleman's Agreement,1947
The Bishop's Wife,1947
Crossfire,1947
Great Expectations,1947
Miracle on 34th Street,1947
Hamlet,1948
Johnny Belinda,1948
The Red Shoes,1948
The Snake Pit,1948
The Treasure of the Sierra Madre,1948
All the King's Men,1949
Battleground,1949
The Heiress,1949
A Letter to Three Wives,1949
Twelve O'Clock High,1949
All About Eve,1950
Born Yesterday,1950
Father of the Bride,1950
King Solomon's Mines,1950
Sunset Boulevard,1950
An American in Paris,1951
Decision Before Dawn,1951
A Place in the Sun,1951
Quo Vadis,1951
A Streetcar Named Desire,1951
The Greatest Show on Earth,1952
High Noon,1952
Ivanhoe,1952
Moulin Rouge,1952
The Quiet Man,1952
From Here to Eternity,1953
Julius Caesar,1953
The Robe,1953
Roman Holiday,1953
Shane,1953
On the Waterfront,1954
The Caine Mutiny,1954
The Country Girl,1954
Seven Brides for Seven Brothers,1954
Three Coins in the Fountain,1954
Marty,1955
Love Is a Many-Splendored Thing,1955
Mister Roberts,1955
Picnic,1955
The Rose Tattoo,1955
Around the World in 80 Days,1956
Friendly Persuasion,1956
Giant,1956
The King and I,1956
The Ten Commandments,1956
The Bridge on the River Kwai,1957
12 Angry Men,1957
Peyton Place,1957
Sayonara,1957
Witness for the Prosecution,1957
Gigi,1958
Auntie Mame,1958
Cat on a Hot Tin Roof,1958
The Defiant Ones,1958
Separate Tables,1958
Ben-Hur,1959
Anatomy of a Murder,1959
The Diary of Anne Frank,1959
The Nun's Story,1959
Room at the Top,1959
The Alamo,1960
Sons and Lovers,1960
The Sundowners,1960
West Side Story,1961
Fanny,1961
The Guns of Navarone,1961
The Longest Day,1962
The Music Man,1962
Mutiny on the Bounty,1962
To Kill a Mockingbird,1962
America America,1963
Cleopatra,1963
How the West Was Won,1963
Lilies of the Field,1963
My Fair Lady,1964
Dr. Strangelove or: How I Learned to Stop Worrying and Love the Bomb,1964
Mary Poppins,1964
Zorba the Greek,1964
The Sound of Music,1965
Darling,1965
Doctor Zhivago,1965
Ship of Fools,1965
A Thousand Clowns,1965
A Man for All Seasons,1966
Alfie,1966
The Russians Are Coming  the Russians Are Coming,1966
The Sand Pebbles,1966
Doctor Dolittle,1967
The Graduate,1967
Guess Who's Coming to Dinner,1967
Oliver!,1968
Funny Girl,1968
The Lion in Winter,1968
Rachel Rachel,1968
Romeo and Juliet,1968
Anne of the Thousand Days,1969
Butch Cassidy and the Sundance Kid,1969
Hello Dolly!,1969
Patton,1970
Airport,1970
Five Easy Pieces,1970
Love Story,1970
The French Connection,1971
A Clockwork Orange,1971
Fiddler on the Roof,1971
The Last Picture Show,1971
Nicholas and Alexandra,1971
The Godfather,1972
Deliverance,1972
The Emigrants,1972
Sounder,1972
The Sting,1973
American Graffiti,1973
Cries and Whispers,1973
The Exorcist,1973
A Touch of Class,1973
The Godfather Part II,1974
The Conversation,1974
Lenny,1974
The Towering Inferno,1974
One Flew Over the Cuckoo's Nest,1975
Nashville,1975
Rocky,1976
Bound for Glory,1976
Network,1976
The Goodbye Girl,1977
Julia,1977
Star Wars,1977
The Turning Point,1977
The Deer Hunter,1978
Coming Home,1978
Heaven Can Wait,1978
An Unmarried Woman,1978
Kramer vs. Kramer,1979
All That Jazz,1979
Breaking Away,1979
Norma Rae,1979
Ordinary People,1980
Coal Miner's Daughter,1980
Raging Bull,1980
Tess,1980
On Golden Pond,1981
Reds,1981
Tootsie,1982
The Verdict,1982
Terms of Endearment,1983
The Big Chill,1983
The Dresser,1983
The Right Stuff,1983
Tender Mercies,1983
Amadeus,1984
A Passage to India,1984
Places in the Heart,1984
A Soldier's Story,1984
Out of Africa,1985
The Color Purple,1985
Kiss of the Spider Woman,1985
Prizzi's Honor,1985
Platoon,1986
Children of a Lesser God,1986
The Last Emperor,1987
Broadcast News,1987
Fatal Attraction,1987
Moonstruck,1987
Rain Man,1988
The Accidental Tourist,1988
Dangerous Liaisons,1988
Mississippi Burning,1988
Working Girl,1988
Driving Miss Daisy,1989
Born on the Fourth of July,1989
Field of Dreams,1989
Dances with Wolves,1990
Awakenings,1990
Ghost,1990
The Godfather Part III,1990
Beauty and the Beast,1991
Bugsy,1991
JFK,1991
The Prince of Tides,1991
A Few Good Men,1992
Scent of a Woman,1992
The Fugitive,1993
In the Name of the Father,1993
The Shawshank Redemption,1994
Braveheart,1995
Apollo 13,1995
Il Postino: The Postman,1995
Jerry Maguire,1996
Secrets & Lies,1996
As Good as It Gets,1997
Good Will Hunting,1997
Life Is Beautiful,1998
The Thin Red Line,1998
The Cider House Rules,1999
The Green Mile,1999
The Insider,1999
Chocolat,2000
Crouching Tiger Hidden Dragon,2000
Traffic,2000
Gosford Park,2001
In the Bedroom,2001
Mystic River,2003
Seabiscuit,2003
Million Dollar Baby,2004
Ray,2004
Munich,2005
Letters from Iwo Jima,2006
Michael Clayton,2007
The Blind Side,2009
District 9,2009
Inglourious Basterds,2009
A Serious Man,2009
Up,2009
The Fighter,2010
Toy Story 3,2010
Extremely Loud & Incredibly Close,2011
Hugo,2011
Midnight in Paris,2011
Moneyball,2011
The Tree of Life,2011
War Horse,2011
Amour,2012
Django Unchained,2012
Les Misérables,2012
Dallas Buyers Club,2013
Her,2013
The Wolf of Wall Street,2013
American Sniper,2014
Brooklyn,2015
Mad Max: Fury Road,2015
The Martian,2015
Room,2015
Fences,2016
Hacksaw Ridge,2016
Hell or High Water,2016
Hidden Figures,2016
Lion,2016
The Asphalt Jungle,1950
Death of a Salesman,1951
The Narrow Margin,1952
Baby Doll,1956
A Hatful of Rain,1957
The Children's Hour,1961
Gypsy,1962
Lolita,1962
"My Son, the Hero (Los Hermanos Del Hierro)",1962
The Haunting,1963
The Ugly American,1963
Seven Days in May,1964
Zorba the Greek (Alexis Zorbas),1964
A Man and a Woman,1966
The Fox,1967
"Rachel, Rachel",1968
"Hello, Dolly!",1969
The Secret of Santa Vittoria,1969
Women in Love,1970
Summer of ‘42,1971
Avanti!,1972
Frenzy,1972
Last Tango in Paris,1973
Paper Moon,1973
A Woman Under the Influence,1974
Marathon Man,1976
Close Encounters of the Third Kind,1977
Days of Heaven,1978
Interiors,1978
Being There,1979
Yentl,1983
Fanny and Alexander,1983
Once Upon a Time in America,1984
A Chorus Line,1985
Bird,1988
The Sheltering Sky,1990
The Fisher King,1991
A River Runs Through It,1992
Natural Born Killers,1994
The American President,1995
Casino,1995
A.I. Artificial Intelligence,2001
Adaptation,2002
Flags of Our Fathers,2006
Nocturnal Animals,2016
We Need to Talk About Kevin,2011
The Bourne Ultimatum,2007
The Lives of Others (Das Leben der Anderen),2007
Amlie (Le Fabuleux destin d'Amlie Poulain),2001
"Crouching Tiger, Hidden Dragon (Wo hu cang long)",2000
All About My Mother (Todo sobre mi madre),1999
Romeo + Juliet,1997
Three Colours: Red (Trois couleurs : Rouge),1994
Cinema Paradiso (Nuovo cinema Paradiso),1990
Henry V,1989
Dangerous Liaisons,1989
Mississippi Burning,1989
Platoon,1987
The King of Comedy,1983
Fame,1980
Yanks,1979
A Wedding,1978
Bullitt,1969
if....,1968
 Blood Simple ,1985
 After Hours,1985
 Smooth Talk,1985
 The Trip to Bountiful,1985
 Platoon   ,1986
 Down by Law,1986
 Blue Velvet,1986
 Stand by Me,1986
 Salvador,1986
 The Dead,1987
 Swimming to Cambodia,1987
 River's Edge,1987
 The Big Easy,1987
 Matewan,1987
 Stand and Deliver,1988
 Patti Rocks,1988
 The Thin Blue Line,1988
 Talk Radio,1988
 Hairspray,1988
" Sex, Lies and Videotape",1989
 Mystery Train,1989
 Sidewalk Stories,1989
 True Love,1989
 Drugstore Cowboy,1989
 To Sleep with Anger,1990
 House Party,1990
 Henry: Portrait of a Serial Killer,1990
 Pump Up the Volume,1990
 The Plot Against Harry,1990
 Rambling Rose,1991
 Poison,1991
 Slacker,1991
 My Own Private Idaho,1991
 Hangin' with the Homeboys,1991
 One False Move,1992
 Gas Food Lodging,1992
 Bad Lieutenant,1992
 Swoon,1992
 Reservoir Dogs,1992
 The Wedding Banquet,1993
 Ruby in Paradise,1993
 El Mariachi,1993
 Mac,1993
 Pulp Fiction ,1994
 Red Rock West,1994
 Eat Drink Man Woman,1994
 Death and the Maiden,1994
 Mrs. Parker and the Vicious Circle,1994
 Nadja,1995
 Georgia,1995
 Safe,1995
 The Secret of Roan Inish,1995
 The Funeral,1996
 Flirting with Disaster,1996
 Welcome to the Dollhouse,1996
 Caught,1996
 The Apostle,1997
 Habit,1997
 Ulee's Gold,1997
 Touch,1997
 The End of Violence,1997
 Rushmore,1998
 Velvet Goldmine,1998
 Claire Dolan,1998
 Affliction,1998
 Happiness,1998
 Election,1999
 Julien Donkey-Boy,1999
 Go,1999
 The Straight Story,1999
 The Limey,1999
" Crouching Tiger, Hidden Dragon",2000
 Requiem for a Dream,2000
 Chuck & Buck,2000
 Best in Show,2000
 Before Night Falls,2000
 Memento,2001
 L.I.E.,2001
 Stranger Inside,2001
 Waking Life,2001
 Hedwig and the Angry Inch,2001
 Far from Heaven,2002
 Narc,2002
 Lovely & Amazing,2002
 Ivans Xtc,2002
 Gerry,2002
 Lost in Translation ,2003
 American Splendor,2003
 In America,2003
 Raising Victor Vargas,2003
 Elephant,2003
 Primer,2004
 Maria Full of Grace,2004
 The Motorcycle Diaries,2004
 Baadasssss!,2004
 Brokeback Mountain   ,2005
 Mysterious Skin,2005
 The Squid and the Whale,2005
" Good Night, and Good Luck ",2005
 Nine Lives,2005
 Little Miss Sunshine,2006
 A Prairie Home Companion,2006
 Half Nelson,2006
 The Dead Girl,2006
 Bubble,2006
 The Diving Bell and the Butterfly ,2007
 I'm Not There,2007
 The Savages,2007
 Juno ,2007
 Paranoid Park,2007
 The Visitor,2008
 Chop Shop,2008
 Rachel Getting Married,2008
 Ballast,2008
 Frozen River,2008
 Precious,2009
 A Serious Man,2009
 Sin Nombre,2009
 Two Lovers,2009
 The Last Station,2009
 Black Swan,2010
 127 Hours,2010
 The Kids Are All Right,2010
 Winter's Bone,2010
 Rabbit Hole,2010
 The Artist   ,2011
 Beginners,2011
 Take Shelter,2011
 The Descendants ,2011
 Drive,2011
 Silver Linings Playbook ,2012
 Moonrise Kingdom,2012
 The Loneliest Planet,2012
 Keep the Lights On,2012
 Beasts of the Southern Wild ,2012
 Upstream Color,2013
 All Is Lost,2013
 Mud,2013
 Nebraska ,2013
 Whiplash,2014
 Selma,2014
 Birdman or (The Unexpected Virtue of Ignorance)�,2014
" Kumiko, the Treasure Hunter",2014
 Tangerine,2015
 Beasts of No Nation,2015
 Carol,2015
 Anomalisa,2015
 It Follows,2015
 Moonlight ,2016
 American Honey,2016
 Jackie,2016
 Loving,2016
 Certain Women,2016
Psycho,1960
La Dolce Vita,1961
Divorce Italian Style,1962
David and Lisa,1962
Woman in the Dunes,1965
Blowup,1966
2001: A Space Odyssey,1968
The Battle of Algiers,1968
Alice's Restaurant,1969
Fellini Satyricon,1970
Sleuth,1972
Day for Night,1974
Amarcord,1975
Face to Face,1976
Seven Beauties,1976
La Cage aux Folles,1979
Das Boot,1982
Broadway Danny Rose,1984
Ran,1985
Blue Velvet,1986
My Life as a Dog,1987
The Last Temptation of Christ,1988
The Grifters,1990
Boyz n the Hood,1991
Short Cuts,1993
Bullets over Broadway,1994
Three Colors: Red,1994
Dead Man Walking,1995
The Sweet Hereafter,1997
Black Hawk Down,2001
Talk to Her,2002
City of God,2003
Cyrano de Bergerac,1950
The Magnificent Yankee,1950
Harvey,1950
The Actress,1953
The Inn of the Sixth Happiness,1958
The Old Man and the Sea,1958
Career,1959
Look Back in Anger,1959
Middle of the Night,1959
A Raisin in the Sun,1961
The Wonderful World of the Brothers Grimm,1962
Birdman of Alcatraz,1962
Sweet Bird of Youth,1962
Love with the Proper Stranger,1963
Rio Conchos,1964
The Agony and the Ecstasy,1965
The Pawnbroker,1965
Hawaii,1966
Cool Hand Luke,1967
The Boston Strangler,1968
True Grit,1969
Popi,1969
I Never Sang for My Father,1970
The Great White Hope,1970
Carnal Knowledge,1971
The Hospital,1971
Serpico,1973
Electra Glide in Blue,1973
Save the Tiger,1973
Papillon,1973
The Last Detail,1973
The Gambler,1974
French Connection II,1975
The Man in the Glass Booth,1975
"Give 'em Hell, Harry!",1975
Equus,1977
A Special Day,1977
Bobby Deerfield,1977
MacArthur,1977
Heroes,1977
Magic,1978
The Boys from Brazil,1978
...And Justice for All,1979
The Champ,1979
The Onion Field,1979
Tribute,1980
Taps,1981
Shoot the Moon,1982
The Grey Fox,1983
Scarface,1983
Star 80,1983
Starman,1984
Under the Volcano,1984
Twice in a Lifetime,1985
The Mosquito Coast,1986
Round Midnight,1986
The Color of Money,1986
Wall Street,1987
Ironweed,1987
Weeds,1987
Dominick and Eugene,1988
Stand and Deliver,1988
Dad,1989
Sea of Love,1989
The Field,1990
Cape Fear,1991
Chaplin,1992
Hoffa,1992
Malcolm X,1992
Philadelphia,1993
Nobody's Fool,1994
Mr. Holland's Opus,1995
Nixon,1995
Richard III,1995
Ransom,1996
Michael Collins,1996
Ulee's Gold,1997
Wilde,1998
Affliction,1998
The Straight Story,1999
Training Day,2001
The Quiet American,2002
House of Sand and Fog,2003
The Sea Inside,2004
Hustle & Flow,2005
"Good Night, and Good Luck.",2005
Venus,2006
The Pursuit of Happyness,2006
Crazy Heart,2009
A Single Man,2009
Brothers,2009
Blue Valentine,2010
J. Edgar,2011
Shame,2011
Arbitrage,2012
The Sessions,2012
Flight,2012
Mandela: Long Walk to Freedom,2013
Trumbo,2015
Steve Jobs,2015
The Danish Girl,2015
Concussion,2015
Captain Fantastic,2016
A Double Life,1947
The Hasty Heart,1949
The Entertainer,1960
Crime and Punishment U.S.A.,1960
No Love for Johnnie,1961
Victim,1961
Ballada o soldate,1961
The Best of Enemies,1961
Le Trou,1961
The Dock Brief,1962
Term of Trial,1962
"Lon Morin, prtre",1962
Lonely are the Brave,1962
Light in the Piazza,1962
Advise and Consent,1962
Une aussi longue absence,1962
Divorzio all'italiana,1963
Accattone,1963
King and Country,1964
Inspector Jacques Clouseau,1964
"Ieri, oggi, domani",1964
Charade,1964
Lilies of the Field,1964
The Ipcress File,1965
William Ewart Gladstone,1966
The Pawnbroker,1966
Pierrot le Fou,1966
A Patch of Blue,1966
The Spy Who Came in from the Cold,1966
A Man for All Seasons,1967
The Taming of the Shrew,1967
The Deadly Affair,1967
Campanadas a medianoche,1967
Guess Who's Coming to Dinner,1968
The Charge of the Light Brigade,1968
The Bofors Gun,1968
Inadmissible Evidence,1969
Sundance Kid,1970
Trapper John McIntyre,1970
Morte a Venezia,1971
Gumshoe,1971
Little Big Man,1971
"Jimmy ""Popeye"" Doyle",1972
Vito Corleone,1972
Young Winston,1972
Ultimo tango a Parigi,1973
Sleuth,1973
Serpico,1974
Michael Corleone,1975
Sonny Wortzik,1975
"Jimmy ""Popeye"" Doyle",1975
Lenny,1975
Carl Bernstein,1976
The Goodbye Girl,1978
Death on the Nile,1978
All That Jazz,1980
Raging Bull,1981
The Long Good Friday,1981
Reds,1982
The Honorary Consul,1983
Crocodile Dundee,1986
The Name of the Rose,1987
Prick Up Your Ears,1987
Fatal Attraction,1988
"Good Morning, Vietnam",1988
Rain Man,1989
The Hunt for Red October,1990
Born on the Fourth of July,1990
Cyrano de Bergerac,1991
"Truly, Madly, Deeply",1991
The Last of the Mohicans,1992
"The Adventures of Priscilla, Queen of the Desert",1994
Carrington,1995
Richard III,1996
Nil by Mouth,1997
Life Is Beautiful (La vita  bella),1998
Little Voice,1998
Topsy-Turvy,1999
Iris,2001
21 Grams,2003
Pirates of the Caribbean: The Curse of the Black Pearl,2003
The Motorcycle Diaries (Diarios de motocicleta),2004
Casino Royale,2006
The History Boys,2006
Sex and Drugs and Rock and Roll,2009
Biutiful,2010
House Party,1990
Henry: Portrait of a Serial Killer,1990
Pump Up the Volume,1990
My Own Private Idaho,1991
Rambling Rose,1991
Rosencrantz & Guildenstern Are Dead,1991
Pastime,1991
Bad Lieutenant,1992
Swoon,1992
Deep Cover,1992
Laws of Gravity,1992
Zebrahead,1992
American Heart,1993
Household Saints,1993
Menace II Society,1993
Oleanna,1994
Mrs. Parker and the Vicious Circle,1994
I Like It Like That,1994
Little Odessa,1995
My Family,1995
Swimming with Sharks,1995
The Apostle,1997
"Ulysses ""Ulee"" Jackson ",1997
Corky St. Clair,1997
Sydney Brown,1997
Al Fountain,1997
Bill Maplewood,1998
Wade Whitehouse ,1998
Eddie,1998
John Williams,1998
Craig Schwartz,1999
Wilson,1999
"Joe ""Jumpin"" Gastineau",1999
Ace Barker,1999
Restaurant,2000
Jesus' Son,2000
The Visit,2000
The Believer,2001
Donnie Darko,2001
Antwone Fisher,2002
Skins,2002
Ivans Xtc,2002
Dahmer,2002
Roger Dodger,2002
The Station Agent,2003
Soldier's Girl,2003
The Woodsman,2004
The Door in the Floor,2004
Redemption,2004
Thank You for Smoking,2006
The Painted Veil,2006
Man Push Cart,2006
The Savages,2007
August Evening,2007
Talk to Me,2007
Starting Out in the Evening,2007
"Lust, Caution",2007
Vicky Cristina Barcelona,2008
The Visitor,2008
The Hurt Locker,2008
Goodbye Solo,2009
The Vicious Kind,2009
Daddy Longlegs,2010
Rabbit Hole,2010
Cyrus,2010
A Better Life,2011
Rampart,2011
Take Shelter,2011
Killer Joe,2012
Four,2012
Fruitvale Station,2013
Jimi: All Is by My Side,2014
James White,2015
Mississippi Grind,2015
The End of the Tour,2015
Mediterranea,2015
Free in Deed,2016
Other People,2016
Blood Simple,1985
Crossover Dreams,1985
Wildrose,1985
Salvador,1986
Native Son,1986
Swimming to Cambodia,1987
The Stepfather,1987
Barfly,1987
Best Seller,1987
Talk Radio,1988
Torch Song Trilogy,1988
The Boost,1988
Drugstore Cowboy,1989
Vampire's Kiss,1989
Sidewalk Stories,1989
Parents,1989
"Sex, Lies, and Videotape",1989
Life as a House,2001
I Am Sam,2001
Lars and the Real Girl,2007
Get Low,2010
The Butler,2013
Black Mass,2015
"Cry, the Beloved Country",1995
Il Postino: The Postman (Il postino),1995
Sling Blade,1996
Life Is Beautiful (La vita è bella),1998
Flawless,1999
The Mark,1961
Cat Ballou,1965
The Spy Who Came in from the Cold,1965
Othello,1965
"The Russians Are Coming, the Russians Are Coming",1966
"Goodbye, Mr. Chips",1969
Kotch,1971
The Ruling Class,1972
Harry and Tonto,1974
The Sunshine Boys,1975
Saturday Night Fever,1977
The Buddy Holly Story,1978
The Great Santini,1980
Arthur,1981
Absence of Malice,1981
My Favorite Year,1982
Murphy's Romance,1985
Dark Eyes,1987
"Good Morning, Vietnam",1987
Big,1988
Pelle the Conqueror,1988
Cyrano de Bergerac,1990
What's Love Got to Do with It,1993
The Madness of King George,1994
Il Postino,1995
American History X,1998
Sweet and Lowdown,1999
Pollock,2000
Hustle and Flow,2005
In the Valley of Elah,2007
Sunset Boulevard,1950
All About Eve,1950
Born Yesterday,1950
The Blue Veil,1951
A Streetcar Named Desire,1951
A Place in the Sun,1951
"Come Back, Little Sheba",1952
Sudden Fear,1952
My Cousin Rachel,1952
Roman Holiday,1953
The Country Girl,1954
The Rose Tattoo,1955
Anastasia,1956
Baby Doll,1956
War and Peace,1956
The Rainmaker,1956
The Three Faces of Eve,1957
Witness for the Prosecution,1957
"Heaven Knows, Mr. Allison",1957
Wild is the Wind,1957
A Hatful of Rain,1957
I Want to Live!,1958
The Inn of the Sixth Happiness,1958
Separate Tables,1958
Some Came Running,1958
Home Before Dark,1958
"Suddenly, Last Summer",1959
The Nun's Story,1959
Anatomy of a Murder,1959
Room at the Top,1959
Sunrise at Campobello,1960
Midnight Lace,1960
The World of Suzie Wong,1960
Elmer Gantry,1960
Butterfield 8,1960
Summer and Smoke,1961
Fanny,1961
The Children's Hour,1961
A Raisin in the Sun,1961
Splendor in the Grass,1961
Sweet Bird of Youth,1962
The Miracle Worker,1962
What Ever Happened to Baby Jane?,1962
Long Day's Journey Into Night,1962
The Chapman Report,1962
Phaedra,1962
Days of Wine and Roses,1962
Hemingway's Adventures of a Young Man,1962
Lolita,1962
Freud,1962
The L-Shaped Room,1963
The Caretakers,1963
Toys in the Attic,1963
This Sporting Life,1963
The Cardinal,1963
The Paper Man,1963
The Conjugal Bed,1963
Love with the Proper Stranger,1963
The Pumpkin Eater,1964
The Night of the Iguana,1964
Circus World,1964
Dear Heart,1964
Lilith,1964
The Collector,1965
Darling,1965
A Patch of Blue,1965
Ship of Fools,1965
Othello,1965
A Man and a Woman,1966
The Shop on Main Street,1966
Born Free,1966
Who's Afraid of Virginia Woolf?,1966
This Property Is Condemned,1966
The Whisperers,1967
Bonnie and Clyde,1967
Wait Until Dark,1967
Guess Who's Coming to Dinner,1967
The Fox,1967
"Rachel, Rachel",1968
Rosemary's Baby,1968
The Lion in Winter,1968
Isadora,1968
The Killing of Sister George,1968
Anne of the Thousand Days,1969
"They Shoot Horses, Don't They?",1969
The Sterile Cuckoo,1969
The Happy Ending,1969
The Prime of Miss Jean Brodie,1969
Love Story,1970
Puzzle of a Downfall Child,1970
Women in Love,1970
Promise at Dawn,1970
Ryan's Daughter,1970
Klute,1971
Such Good Friends,1971
"Mary, Queen of Scots",1971
Play Misty For Me,1971
The Emigrants,1972
Lady Sings the Blues,1972
Sounder,1972
One is a Lonely Number,1972
Play It as It Lays,1972
The Effect of Gamma Rays on Man-in-the-Moon Marigolds,1972
Cinderella Liberty,1973
The Exorcist,1973
The Way We Were,1973
Ash Wednesday,1973
"Summer Wishes, Winter Dreams",1973
A Woman Under the Influence,1974
Alice Doesn't Live Here Anymore,1974
Chinatown,1974
Lenny,1974
Scenes From a Marriage,1974
One Flew Over the Cuckoo's Nest,1975
The Day of the Locust,1975
Three Days of the Condor,1975
The Other Side of the Mountain,1975
Hedda,1975
Network,1976
The Incredible Sarah,1976
The Sailor Who Fell from Grace with the Sea,1976
Rocky,1976
Face to Face,1976
Julia,1977
The Turning Point,1977
Looking for Mr. Goodbar,1977
I Never Promised You a Rose Garden,1977
Opening Night,1977
Coming Home,1978
Autumn Sonata,1978
An Unmarried Woman,1978
Stevie,1978
Interiors,1978
Norma Rae,1979
La Luna,1979
Yanks,1979
The China Syndrome,1979
Promises in the Dark,1979
Ordinary People,1980
Resurrection,1980
Tess,1980
Touched by Love,1980
Gloria,1980
The French Lieutenant's Woman,1981
Absence of Malice,1981
On Golden Pond,1981
Reds,1981
Raggedy Man,1981
Sophie's Choice,1982
Shoot the Moon,1982
Frances,1982
Missing,1982
An Officer and a Gentleman,1982
Terms of Endearment,1983
Testament,1983
Heart Like a Wheel,1983
Silkwood,1983
Places in the Heart,1984
Mrs. Soffel,1984
Country,1984
The Bostonians,1984
The River,1984
The Color Purple,1985
Agnes of God,1985
Mask,1985
The Trip to Bountiful,1985
Out of Africa,1985
Children of a Lesser God,1986
Duet for One,1986
"'night, Mother",1986
Extremities,1986
Aliens,1986
Anna,1987
Gaby: A True Story,1987
Fatal Attraction,1987
Barfly,1987
Nuts,1987
The Accused,1988
Madame Sousatzka,1988
Gorillas in the Mist,1988
Running on Empty,1988
A Cry in the Dark,1988
The Fabulous Baker Boys,1989
Steel Magnolias,1989
Music Box,1989
"Sex, Lies, and Videotape",1989
The Rose Garden,1989
Misery,1990
The Grifters,1990
The Russia House,1990
White Palace,1990
Mr. & Mrs. Bridge,1990
The Silence of the Lambs,1991
Bugsy,1991
Thelma & Louise,1991
Rambling Rose,1991
Howards End,1992
Passion Fish,1992
Love Field,1992
Lorenzo's Oil,1992
Basic Instinct,1992
The Piano,1993
Three Colors: Blue,1993
The Age of Innocence,1993
The Remains of the Day,1993
A Dangerous Woman,1993
Blue Sky,1994
Nell,1994
Mrs. Parker and the Vicious Circle,1994
Tom & Viv,1994
The River Wild,1994
Casino,1995
Dead Man Walking,1995
Leaving Las Vegas,1995
The Bridges of Madison County,1995
Sense and Sensibility,1995
Secrets & Lies,1996
The People vs. Larry Flynt,1996
The English Patient,1996
Marvin's Room,1996
Breaking the Waves,1996
Mrs. Brown,1997
The Wings of the Dove,1997
Contact,1997
A Thousand Acres,1997
Titanic,1997
Elizabeth,1998
Central Station,1998
Stepmom,1998
One True Thing,1998
Hilary and Jackie,1998
Boys Don't Cry,1999
American Beauty,1999
The End of the Affair,1999
Music of the Heart,1999
A Map of the World,1999
Erin Brockovich,2000
The Contender,2000
Dancer in the Dark,2000
Requiem for a Dream,2000
You Can Count on Me,2000
In the Bedroom,2001
Monster's Ball,2001
Iris,2001
The Others,2001
The Deep End,2001
The Hours,2002
Frida,2002
Unfaithful,2002
Far from Heaven,2002
Monster,2003
Veronica Guerin,2003
Girl with a Pearl Earring,2003
Cold Mountain,2003
Kill Bill: Volume 1,2003
Thirteen,2003
Million Dollar Baby,2004
A Love Song for Bobby Long,2004
Birth,2004
Vera Drake,2004
Kill Bill: Volume 2,2004
Transamerica,2005
A History of Violence,2005
Proof,2005
North Country,2005
Memoirs of a Geisha,2005
The Queen,2006
Volver,2006
Notes on a Scandal,2006
Sherrybaby,2006
Little Children,2006
Away from Her,2007
Elizabeth: The Golden Age,2007
The Brave One,2007
A Mighty Heart,2007
Atonement,2007
Revolutionary Road,2008
Rachel Getting Married,2008
Changeling,2008
I've Loved You So Long,2008
Doubt,2008
The Blind Side,2009
The Young Victoria,2009
The Last Station,2009
An Education,2009
Precious,2009
Black Swan,2010
Frankie and Alice,2010
Rabbit Hole,2010
Winter's Bone,2010
Blue Valentine,2010
The Iron Lady,2011
Albert Nobbs,2011
The Help,2011
The Girl with the Dragon Tattoo,2011
We Need to Talk About Kevin,2011
Zero Dark Thirty,2012
Rust and Bone,2012
Hitchcock,2012
The Impossible,2012
The Deep Blue Sea,2012
Blue Jasmine,2013
Gravity,2013
Philomena,2013
Saving Mr. Banks,2013
Labor Day,2013
Still Alice,2014
Cake,2014
The Theory of Everything,2014
Gone Girl,2014
Wild,2014
Room,2015
Carol,2015
Brooklyn,2015
The Danish Girl,2015
Elle,2016
Arrival,2016
Miss Sloane,2016
Loving,2016
Jackie,2016
The Song of Bernadette,1943
Gaslight,1944
The Bells of St. Mary's,1945
Sister Kenny,1946
Mourning Becomes Electra,1947
Johnny Belinda,1948
The Heiress,1949
Saturday Night and Sunday Morning,1960
Pollyanna,1960
Sons and Lovers,1960
A Taste of Honey,1961
The Sundowners,1961
Whistle Down the Wind,1961
The L-Shaped Room,1962
The Wild and the Willing,1962
Life for Ruth,1962
Billy Liar,1963
Tom Jones,1963
The Servant,1963
Sparrers Can't Sing,1963
Charade,1964
Girl with Green Eyes,1964
The Americanization of Emily,1965
Young Cassidy,1965
The Knack...and How to Get It,1965
Who's Afraid of Virginia Woolf,1966
Doctor Zhivago,1966
Georgy Girl,1966
Morgan: A Suitable Case for Treatment,1966
Ulysses,1967
The Taming of the Shrew,1967
The Apartment,1960
The Angry Silence,1960
Never on Sunday,1960
Hiroshima mon amour,1960
The Adventure,1960
Two Women,1961
Rocco and His Brothers,1961
The Hustler,1961
Breathless,1961
Through a Glass Darkly,1962
Lola,1962
Jules and Jim,1962
Sweet Bird of Yout,1962
Splendor in the Grass,1962
Hud,1963
Days of Wine and Roses,1963
Divorce Italian Style,1963
Sance on a Wet Afternoon,1964
Irma la Douce,1964
In Harm's Way,1965
Cat Ballou,1965
Zorba the Greek,1965
Viva Maria!,1966
The Group,1966
The Sleeping Car Murders,1966
A Man and a Woman,1967
Persona,1967
Barefoot in the Park,1967
The Deadly Affair,1967
The Graduate,1968
Beauty of the Day,1968
Secret Ceremony,1969
Women in Love,1969
Funny Girl,1969
Butch Cassidy and the Sundance Kid,1970
"They Shoot Horses, Don't They?",1970
Cactus Flower,1970
Sunday Bloody Sunday,1971
Taking Off,1971
The Go-Between,1971
The Raging Moon,1971
Cabaret,1972
The Butcher,1972
Young Winston,1972
Savage Messiah,1972
Just Before Nightfall,1973
Don't Look Now,1973
A Touch of Class,1973
Lady Sings the Blues,1973
"Summer Wishes, Winter Dreams",1974
The Way We Were,1974
The Autobiography of Miss Jane Pittman,1974
Alice Doesn't Live Here Anymore,1975
The Prisoner of Second Avenue,1975
Lenny,1975
Scenes from a Marriage,1975
One Flew Over the Cuckoo's Nest,1976
The Shootist,1976
The Ritz,1976
Annie Hall,1977
Network,1977
3 Women,1977
The Late Show,1977
Julia,1978
The Turning Point,1978
The Goodbye Girl,1978
Manhattan,1979
California Suite,1979
The Deer Hunter,1979
My Brilliant Career,1980
Being There,1980
The Rose,1980
Kramer vs. Kramer,1980
Ordinary People,1981
Quartet,1981
Coal Miner's Daughter,1981
On Golden Pond,1982
Reds,1982
36 Chowringhee Lane,1982
Educating Rita,1983
Tootsie,1983
"Another Time, Another Place",1983
Sophie's Choice,1983
A Private Function,1984
Terms of Endearment,1984
Cal,1984
Silkwood,1984
A Passage to India,1985
The Purple Rose of Cairo,1985
Witness,1985
Letter to Brezhnev,1985
A Room with a View,1986
Hannah and Her Sisters,1986
Out of Africa,1986
Mona Lisa,1986
84 Charing Cross Road,1987
Wish You Were Here,1987
Hope and Glory,1987
Personal Services,1987
The Lonely Passion of Judith Hearne,1988
Babette's Feast,1988
Moonstruck,1988
A Fish Called Wanda,1988
Shirley Valentine,1989
Dangerous Liaisons,1989
The Accused,1989
Working Girl,1989
Driving Miss Daisy,1990
Postcards from the Edge,1990
The Fabulous Baker Boys,1990
Pretty Woman,1990
"Truly, Madly, Deeply",1991
Husbands and Wives,1992
Strictly Ballroom,1992
Fried Green Tomatoes,1992
Tom and Viv,1993
Shadowlands,1993
The Client,1994
The Last Seduction,1994
Three Colours: Red (Trois couleurs: Rouge),1994
Pulp Fiction,1994
To Die For,1995
The Madness of King George,1995
Secrets and Lies,1996
Fargo,1996
Mrs Brown,1997
L.A. Confidential,1997
Nil by Mouth,1997
Little Voice,1998
Shakespeare in Love,1998
East is East,1999
Angela's Ashes,1999
Chocolat,2000
Almost Famous,2000
Boys Don't Cry,2000
"Crouching Tiger, Hidden Dragon",2000
Amlie,2001
Bridget Jones's Diary,2001
Monster's Ball,2002
Chicago,2002
Lost in Translation,2003
The Mother,2003
21 Grams,2003
Monster,2004
Sylvia Llewelyn Davies,2004
House of Flying Daggers,2004
Walk the Line,2005
Mrs Henderson Presents,2005
The Constant Gardener,2005
The Devil Wears Prada,2006
La Vie en Rose,2007
Juno,2007
The Reader,2008
The Lovely Bones,2009
Julie and Julia,2009
Coco Before Chanel,2009
The Girl with the Dragon Tattoo,2010
True Grit,2010
The Artist,2011
My Week with Marilyn,2011
Amour,2012
Silver Linings Playbook,2012
American Hustle,2013
Big Eyes,2014
The Lady in the Van,2015
La La Land,2016
The Girl on the Train,2016
Florence Foster Jenkins,2016
To Sleep with Anger,1990
Bail Jumper,1990
Metropolitan,1990
Impromptu,1991
Twenty-One,1991
The Rapture,1991
Bright Angel,1991
The Search for Signs of Intelligent Life in the Universe,1991
Gas Food Lodging,1992
Laws of Gravity,1992
Johnny Suede,1992
Twin Peaks: Fire Walk with Me,1992
One False Move,1992
Ruby in Paradise,1993
The Ballad of Little Jo,1993
The Wedding Banquet,1993
Just Another Girl on the I.R.T.,1993
Much Ado About Nothing,1993
What Happened Was...,1994
I Like It Like That,1994
Eat Drink Man Woman,1994
Georgia,1995
Nadja,1995
Safe,1995
The Addiction,1995
Caught,1996
Manny & Lo,1996
Walking and Talking,1996
The Whole Wide World,1996
Afterglow,1997
In the Company of Men,1997
All Over Me,1997
Sunday,1997
Loved,1997
High Art,1998
Claire Dolan,1998
The Opposite of Sex,1998
"Niagara, Niagara",1998
Down in the Delta,1998
A Walk on the Moon,1999
Tumbleweeds,1999
Valerie Flake,1999
Election,1999
Love & Basketball,2000
Two Family House,2000
Things Behind the Sun,2001
The Center of the World,2001
Lift,2001
The Good Girl,2002
Secretary,2002
Lovely & Amazing,2002
Personal Velocity,2002
Blue Car,2003
All the Real Girls,2003
In America,2003
Virgin,2003
Maria Full of Grace,2004
Woman Thou Art Loosed,2004
Down to the Bone,2004
On the Outs,2004
Cavedweller,2004
Forty Shades of Blue,2005
The Squid and the Whale,2005
Lackawanna Blues,2005
Room,2005
Half Nelson,2006
For Your Consideration,2006
Sweet Land,2006
Land of Plenty,2006
"Sorry, Haters",2006
Interview,2007
Broken English,2007
"Lust, Caution",2007
Frozen River,2008
Towelhead,2008
Ballast,2008
Wendy and Lucy,2008
Downloading Nancy,2009
Amreeka,2009
Two Lovers,2009
The Kids Are All Right,2010
Greenberg,2010
About Sunny,2011
Natural Selection,2011
Pariah,2011
Martha Marcy May Marlene,2011
Return,2012
Middle of Nowhere,2012
Beasts of the Southern Wild,2012
Smashed,2012
Before Midnight,2013
Crystal Fairy,2013
Short Term 12,2013
The Spectacular Now,2013
The Immigrant,2014
Kumiko: The Treasure Hunter,2014
Obvious Child,2014
Only Lovers Left Alive,2014
The Diary of a Teenage Girl,2015
Tangerine,2015
20th Century Women,2016
American Honey,2016
After Hours,1985
Smooth Talk,1985
Trouble in Mind,1985
Blue Velvet,1986
Salvador,1986
Desert Hearts,1986
She's Gotta Have It,1986
The Whales of August,1987
Tough Guys Don't Dance,1987
Working Girls,1987
The Glass Menagerie,1987
Five Corners,1988
Hairspray,1988
The Wash,1988
Mystic Pizza,1988
Promised Land,1988
Mystery Train,1989
Drugstore Cowboy,1989
Heathers,1989
True Love,1989
Erin Brockovich,2000
The Contender,2000
Chocolat,2000
Requiem for a Dream,2000
You Can Count on Me,2000
Monster's Ball,2001
A Beautiful Mind,2001
Iris,2001
In the Bedroom,2001
Bridget Jones's Diary,2001
Chicago,2002
Frida,2002
The Hours,2002
Unfaithful,2002
Far from Heaven,2002
Monster,2003
The Station Agent,2003
Something's Gotta Give,2003
21 Grams,2003
Thirteen,2003
Million Dollar Baby,2004
Being Julia,2004
Maria Full of Grace,2004
Vera Drake,2004
Eternal Sunshine of the Spotless Mind,2004
Walk the Line,2005
Mrs Henderson Presents,2005
Transamerica,2005
North Country,2005
Memoirs of a Geisha,2005
The Queen,2006
Volver,2006
Notes on a Scandal,2006
The Devil Wears Prada,2006
Little Children,2006
Away from Her,2007
Elizabeth: The Golden Age,2007
La Vie en Rose (La môme),2007
A Mighty Heart,2007
Juno,2007
Doubt,2008
Rachel Getting Married,2008
Changeling,2008
Frozen River,2008
Revolutionary Road,2008
The Blind Side,2009
The Last Station,2009
An Education,2009
Precious,2009
Julie & Julia,2009
Black Swan,2010
The Kids Are All Right,2010
Rabbit Hole,2010
Winter's Bone,2010
Conviction,2010
The Help,2011
Albert Nobbs,2011
The Iron Lady,2011
We Need to Talk About Kevin,2011
My Week with Marilyn,2011
Silver Linings Playbook,2012
Zero Dark Thirty,2012
Rust and Bone (De rouille et d'os),2012
Hitchcock,2012
The Impossible,2012
Blue Jasmine,2013
Gravity,2013
Philomena,2013
August: Osage County,2013
Saving Mr. Banks,2013
Still Alice,2014
Cake,2014
The Theory of Everything,2014
Gone Girl,2014
Wild,2014
Room,2015
Carol,2015
Woman in Gold,2015
Brooklyn,2015
I Smile Back,2015
La La Land,2016
Arrival,2016
The Girl on the Train,2016
Jackie,2016
Florence Foster Jenkins,2016
Nell,1994
Blue Sky,1994
When a Man Loves a Woman,1994
The Client,1994
The River Wild,1994
Dead Man Walking,1995
Nixon,1995
Leaving Las Vegas,1995
The Bridges of Madison County,1995
Sense and Sensibility,1995
Fargo,1996
Secrets & Lies,1996
Marvin's Room,1996
Unhook the Stars,1996
The English Patient,1996
As Good as It Gets,1997
The Wings of the Dove,1997
Mrs Brown,1997
Jackie Brown,1997
Titanic,1997
She's So Lovely,1997
Shakespeare in Love,1998
Elizabeth,1998
Little Voice,1998
One True Thing,1998
Hilary and Jackie,1998
American Beauty,1999
Tumbleweeds,1999
The End of the Affair,1999
Music of the Heart,1999
Boys Don't Cry,1999
BUtterfield 8,1960
The Sundowners,1960
Breakfast at Tiffany's,1961
Long Day's Journey into Night,1962
Irma la Douce,1963
Mary Poppins,1964
Marriage Italian Style,1964
The Unsinkable Molly Brown,1964
The Sound of Music,1965
Morgan!,1966
The Graduate,1967
Funny Girl,1968
The Subject was Roses,1968
The Great White Hope,1970
Diary of a Mad Housewife,1970
McCabe and Mrs. Miller,1971
Nicholas and Alexandra,1971
Travels with My Aunt,1972
Claudine,1974
The Story of Adele H.,1975
Tommy,1975
Hester Street,1975
Cousin Cousine,1976
Carrie,1976
The Goodbye Girl,1977
"Same Time, Next Year",1978
Starting Over,1979
Chapter Two,1979
The Rose,1979
Coal Miner's Daughter,1980
Private Benjamin,1980
Only When I Laugh,1981
Atlantic City,1981
Victor Victoria,1982
A Passage to India,1984
Sweet Dreams,1985
The Morning After,1986
Crimes of the Heart,1986
Peggy Sue Got Married,1986
Moonstruck,1987
Broadcast News,1987
Ironweed,1987
Dangerous Liaisons,1988
Working Girl,1988
Driving Miss Daisy,1989
Camille Claudel,1989
Mr. and Mrs. Bridge,1990
Thelma and Louise,1991
For the Boys,1991
Indochine,1992
What's Love Got to Do with It,1993
Six Degrees of Separation,1993
Tom and Viv,1994
Little Women,1994
As Good as It Gets,1997
Moulin Rouge!,2001
Whale Rider,2003
Something's Gotta Give,2003
Being Julia,2004
Eternal Sunshine of the Spotless Mind,2004
Pride and Prejudice,2005
The Savages,2007
August: Osage County,2013
"Two Days, One Night",2014
Joy,2015
45 Years,2015
